{
  "youtube": "",
  "facebook": "https://www.facebook.com/carlapin.store/?show_switched_toast=0&show_invite_to_follow=0&show_switched_tooltip=0&show_podcast_settings=0&show_community_transition=0&show_community_review_changes=0&show_follower_visibility_disclosure=0",
  "phone": "(17) 9 9724-9164",
  "doc_number": "",
  "whatsapp": "(17) 9 9724-9164",
  "instagram": "https://www.instagram.com/carlapin.store/",
  "twitter": "",
  "address": "Votuporanga/SP",
  "tiktok": "https://www.tiktok.com/404?fromUrl=/carlapinstore",
  "pinterest": "",
  "email": "carlapinstore@gmail.com"
}