{
  "marketing_stripe": {
    "text": "CarlaPin Store - Bolsas, carteiras e acessórios.",
    "link": "",
    "background": "#fff0f0",
    "color": "#090909"
  },
  "contacts_stripe": {
    "pages": [],
    "phone_wpp": true,
    "socials": true
  },
  "categories_list": {
    "featured": [
      "/bolsas?Bolsas",
      "/carteiras-femininas?Carteiras femininas",
      "/carteiras-masculinas?Carteiras masculinas",
      "/mochilas?Mochilas",
      "/cintos?Cintos"
    ],
    "random": 0,
    "full_width": false
  },
  "desktop_megamenu": false,
  "search_input": true,
  "alphabetical_order_submenu": false,
  "full_width_submenu": false
}